[
  {
    "id": "64a51552-03e7-4578-bf39-bc1f01c96ef0",
    "data": [
      {
        "text": "Main Service",
        "userDefined": false
      }
    ],
    "isTemplate": false,
    "count": 0,
    "lang": "en",
    "updated": 0
  },
  {
    "id": "1680dc70-37d8-46a8-a2a9-dc3a30a7cabd",
    "data": [
      {
        "text": "go back",
        "userDefined": false
      }
    ],
    "isTemplate": false,
    "count": 2,
    "lang": "en",
    "updated": 0
  },
  {
    "id": "53cc0d47-7605-4cb7-9b44-28be1db8ec40",
    "data": [
      {
        "text": "Sure",
        "userDefined": false
      }
    ],
    "isTemplate": false,
    "count": 1,
    "lang": "en",
    "updated": 0
  },
  {
    "id": "541129a5-cc3e-4f6e-b82f-0cf0df7a47d2",
    "data": [
      {
        "text": "Exit Mchat",
        "userDefined": false
      }
    ],
    "isTemplate": false,
    "count": 0,
    "lang": "en",
    "updated": 0
  }
]