[
  {
    "id": "75752be8-f77c-4199-8bd5-f9c7cb4d8be1",
    "data": [
      {
        "text": "exit",
        "userDefined": false
      }
    ],
    "isTemplate": false,
    "count": 0,
    "lang": "en",
    "updated": 0
  },
  {
    "id": "bf1e9cf0-ed57-4a2b-98a8-8515d8a00b79",
    "data": [
      {
        "text": "I have nothing else to ask",
        "userDefined": false
      }
    ],
    "isTemplate": false,
    "count": 0,
    "lang": "en",
    "updated": 0
  },
  {
    "id": "a5b7bdfa-90d1-4726-8863-5863e86983dd",
    "data": [
      {
        "text": "go away",
        "userDefined": false
      }
    ],
    "isTemplate": false,
    "count": 0,
    "lang": "en",
    "updated": 0
  },
  {
    "id": "62d463c4-811f-49fd-9d74-8b6ad47d278e",
    "data": [
      {
        "text": "Stop",
        "userDefined": false
      }
    ],
    "isTemplate": false,
    "count": 0,
    "lang": "en",
    "updated": 0
  },
  {
    "id": "f76e02ee-88f9-458e-9065-34c7f08fc6ac",
    "data": [
      {
        "text": "Cancel",
        "userDefined": false
      }
    ],
    "isTemplate": false,
    "count": 0,
    "lang": "en",
    "updated": 0
  },
  {
    "id": "6e8c5da9-d5c8-4ed9-a63d-698a97428a01",
    "data": [
      {
        "text": "Terminate",
        "userDefined": false
      }
    ],
    "isTemplate": false,
    "count": 0,
    "lang": "en",
    "updated": 0
  },
  {
    "id": "b20546c3-a241-48e3-abd3-102d85d6a86e",
    "data": [
      {
        "text": "Goodbye",
        "userDefined": false
      }
    ],
    "isTemplate": false,
    "count": 0,
    "lang": "en",
    "updated": 0
  },
  {
    "id": "8f7e0fc4-698c-420f-ad3d-50732d7da3fc",
    "data": [
      {
        "text": "End",
        "userDefined": false
      }
    ],
    "isTemplate": false,
    "count": 0,
    "lang": "en",
    "updated": 0
  },
  {
    "id": "efa5ce10-fd5a-4fe2-9d7d-c61f243c3c75",
    "data": [
      {
        "text": "Bye",
        "userDefined": false
      }
    ],
    "isTemplate": false,
    "count": 0,
    "lang": "en",
    "updated": 0
  }
]