[
  {
    "id": "06d273f3-dba3-4325-ae9f-24d79386ec58",
    "data": [
      {
        "text": "Intervention Centers",
        "userDefined": false
      }
    ],
    "isTemplate": false,
    "count": 0,
    "lang": "en",
    "updated": 0
  },
  {
    "id": "bc663b8e-6611-48cc-aee5-5b184e8f89fb",
    "data": [
      {
        "text": "Preschools",
        "userDefined": false
      }
    ],
    "isTemplate": false,
    "count": 0,
    "lang": "en",
    "updated": 0
  },
  {
    "id": "70f7b6a7-bde7-4fd8-87d9-59a88eb3e2db",
    "data": [
      {
        "text": "Schools \u0026 Institutions",
        "userDefined": false
      }
    ],
    "isTemplate": false,
    "count": 0,
    "lang": "en",
    "updated": 0
  }
]