[
  {
    "id": "abcc2de5-9a59-4514-a8c8-81d1415ca001",
    "data": [
      {
        "text": "My address is ",
        "userDefined": false
      },
      {
        "text": "Clementi",
        "meta": "@sys.any",
        "alias": "address",
        "userDefined": true
      }
    ],
    "isTemplate": false,
    "count": 0,
    "lang": "en",
    "updated": 0
  },
  {
    "id": "26b127a1-6553-4455-bfbc-171ee0ae74b4",
    "data": [
      {
        "text": "I reside in ",
        "userDefined": false
      },
      {
        "text": "Seng Kang",
        "meta": "@sys.any",
        "alias": "address",
        "userDefined": true
      }
    ],
    "isTemplate": false,
    "count": 0,
    "lang": "en",
    "updated": 0
  },
  {
    "id": "e7221aa1-a70d-419a-8578-6c2d434b0272",
    "data": [
      {
        "text": "My location is ",
        "userDefined": false
      },
      {
        "text": "Bishan",
        "meta": "@sys.any",
        "alias": "address",
        "userDefined": true
      }
    ],
    "isTemplate": false,
    "count": 0,
    "lang": "en",
    "updated": 0
  },
  {
    "id": "bb19c47f-73c8-4008-8fae-c6f4b371c7ea",
    "data": [
      {
        "text": "I stay in ",
        "userDefined": false
      },
      {
        "text": "Punggol",
        "meta": "@sys.any",
        "alias": "address",
        "userDefined": true
      }
    ],
    "isTemplate": false,
    "count": 0,
    "lang": "en",
    "updated": 0
  },
  {
    "id": "34aae02b-d295-4871-83c0-c578e17eef93",
    "data": [
      {
        "text": "It is ",
        "userDefined": false
      },
      {
        "text": "21 Lower Kent Ridge Rd, Singapore 119077",
        "meta": "@sys.any",
        "alias": "address",
        "userDefined": true
      }
    ],
    "isTemplate": false,
    "count": 0,
    "lang": "en",
    "updated": 0
  }
]