[
  {
    "id": "a43855e5-e7e9-42fc-9b59-e1b711ae9543",
    "data": [
      {
        "text": "I am called ",
        "userDefined": false
      },
      {
        "text": "David",
        "meta": "@sys.any",
        "alias": "name",
        "userDefined": true
      }
    ],
    "isTemplate": false,
    "count": 0,
    "lang": "en",
    "updated": 0
  },
  {
    "id": "53fffead-1c3d-4c53-9310-2e8adad767c7",
    "data": [
      {
        "text": "You can call me ",
        "userDefined": false
      },
      {
        "text": "John",
        "meta": "@sys.any",
        "alias": "name",
        "userDefined": true
      }
    ],
    "isTemplate": false,
    "count": 0,
    "lang": "en",
    "updated": 0
  },
  {
    "id": "5af0dbdc-96d7-4f45-82f5-01f072b7c8ec",
    "data": [
      {
        "text": "people call me ",
        "userDefined": false
      },
      {
        "text": "Nick",
        "meta": "@sys.any",
        "alias": "name",
        "userDefined": true
      }
    ],
    "isTemplate": false,
    "count": 0,
    "lang": "en",
    "updated": 0
  },
  {
    "id": "ce08bdd4-161c-493e-8b43-aa23a07ac76b",
    "data": [
      {
        "text": "I am ",
        "userDefined": false
      },
      {
        "text": "Wee Ping",
        "meta": "@sys.any",
        "alias": "name",
        "userDefined": true
      }
    ],
    "isTemplate": false,
    "count": 0,
    "lang": "en",
    "updated": 0
  },
  {
    "id": "4cc5c99e-e907-49a7-af18-c1e933b69134",
    "data": [
      {
        "text": "My name is ",
        "userDefined": false
      },
      {
        "text": "Gopan",
        "meta": "@sys.any",
        "alias": "name",
        "userDefined": true
      }
    ],
    "isTemplate": false,
    "count": 0,
    "lang": "en",
    "updated": 0
  },
  {
    "id": "3ce7e33b-a405-4c14-9bb0-7e5b77bda014",
    "data": [
      {
        "text": "It is ",
        "userDefined": false
      },
      {
        "text": "Apar",
        "meta": "@sys.any",
        "alias": "name",
        "userDefined": true
      }
    ],
    "isTemplate": false,
    "count": 0,
    "lang": "en",
    "updated": 0
  }
]